{
  "accuracy": 0.94,
  "precision": 0.9637681159420289,
  "recall": 0.95,
  "f1_score": 0.9568345323741008,
  "roc_auc": 0.9880952380952381,
  "cv_accuracy_mean": 0.9550000000000001,
  "cv_accuracy_std": 0.007288689868556645
}